FIRST,LAST,ID,MARK
Johnny ,Ortega,333333,91
Roxanne ,Rodgers,333334,84
Israel ,Ross,333335,60
Kristi ,Clayton,333336,56
Daniel ,Cortez,333337,59
Hannah ,Park,333338,74
Dexter ,Barton,333339,73
Carrie ,Boone,333340,99
Alvin ,Clarke,333341,89
Megan ,Hall,333342,94
Naomi ,Jordan,333343,57
Kevin ,Bass,333344,82
Darrel ,Casey,333345,81
Sophia ,Ballard,333346,58
Judy ,Bryan,333347,47
Justin ,Hanson,333348,73
Shaun ,Warner,333349,96
Ebony ,Palmer,333350,61
Nicole ,Alexander,333351,54
Christina ,Anderson,333352,47
Chris ,Harrington,333353,53
Ross ,Fitzgerald,333354,58
Armando ,Schultz,333355,76
Sheri ,Farmer,333356,45
Antoinette ,Watts,333357,96
Marcella ,Collins,333358,45
Julius ,Mccormick,333359,66
Wallace ,West,333360,72
Alma ,Garner,333361,53
Mitchell ,Mathis,333362,100
Robert ,Santos,333363,79
Annette ,Butler,333364,52
Dianna ,Walker,333365,54
Darren ,Gill,333366,67
Willie ,Jenkins,333367,67
Alberta ,Lowe,333368,95
Harriet ,Holt,333369,45
Loretta ,Reese,333370,52
Toni ,Gibson,333371,100
Timothy ,Massey,333372,64
Angela ,Cole,333373,53
Maria ,Watson,333374,57
Walter ,Fleming,333375,91
Gabriel ,Webb,333376,69
Philip ,Burton,333377,96
Alexandra ,Alvarez,333378,52
Tami ,Scott,333379,86
Raymond ,Hardy,333380,85
George ,Gardner,333381,78
Tammy ,Wade,333382,84
Angie ,Goodman,333383,81
Inez ,Collier,333384,84
Merle ,Gonzales,333385,86
Javier ,Chandler,333386,95
Elaine ,White,333387,50
Joel ,Hernandez,333388,99
Gerard ,Henderson,333389,91
Margaret ,Shaw,333390,96
Lloyd ,Byrd,333391,67
Peggy ,Brady,333392,74
Garry ,Silva,333393,94
Michele ,Moreno,333394,76
Marty ,Cross,333395,98
Kirk ,Graham,333396,88
Pamela ,Gordon,333397,84
Dewey ,Mitchell,333398,56
Carla ,Curtis,333399,83
Gina ,Oliver,333400,88
Ana ,Turner,333401,84
Rudolph ,Briggs,333402,98
Joan ,Rhodes,333403,100
Eunice ,Holmes,333404,49
Charlene ,Ferguson,333405,52
Nicholas ,Owen,333406,69
Delores ,Hampton,333407,61
Kathy ,Ryan,333408,88
Terrence ,Crawford,333409,58
Courtney ,Pierce,333410,85
Johnnie ,Medina,333411,77
Geneva ,Ball,333412,67
Rick ,Payne,333413,96
Guy ,Dunn,333414,50
Jill ,Patterson,333415,52
Sandra ,Cummings,333416,59
Phillip ,Aguilar,333417,70
Camille ,Harmon,333418,83
Rosa ,Singleton,333419,93
Jaime ,Marshall,333420,97
Leah ,Black,333421,84
Eduardo ,Parker,333422,51
Joann ,Hubbard,333423,82
Omar ,May,333424,92
Courtney ,Davis,333425,51
Larry ,Buchanan,333426,47
Jo ,Parks,333427,100
Norma ,Craig,333428,78
Erika ,Wise,333429,73
Carlos ,Thompson,333430,74
Louise ,Phillips,333431,53
Gregg ,Wood,333432,56
